speaker,speech_text,speech_number,meeting_id
賴惠員,"（9時11分）部長、署長，早安。今天針對醫療服務點值長久失衡，在人力科別與地域分配不均，怎麼樣從總額給付的制度達到全民健康保險的永續，還有保障醫療的權利來討論。針對健保費是否調整的問題，想再跟部長做探討，健保調漲的問題今年一直都有在討論，我們透過這個PPT的圖表看到，4月份衛福部有宣示，因為碰到本土疫情，先暫緩實施。在9月份健保總額協商破局，部長你也宣示明年不會調漲健保費，但是部分負擔上路的日期會儘早決定。到了10月份，部長你又表示調漲部分負擔一定會實施，在新制經過討論以後會公告實施，預估11月、12月較有可能推行部分負擔，年底有沒有機會重新公告？在11月份我們預估健保總額明（2023）年將突破8,300億元，部長，你又特別講到健保的部分負擔新制預計在今年底或明年初要上路，李伯璋署長今天也證實明年的健保費率預計會維持在5.17%，至於部分負擔年底以前會不會調漲？這裡要請問部長，整體來講，部分負擔會不會漲？",1,LCIDC01_11111101_00004
賴惠員,部長，經濟會不會反彈？經濟在短期間因為通膨的原因反彈的機率不大，現在已經11月底了，我們也知道宣布的時機點對老百姓來講非常重要，我們不希望民眾的負擔過大，所以這個時機點其實是非常重要的，我們希望提早做準備，在署裡面、在部裡面有很多的準備工作，所以我們希望有明確的時間，讓大家可以做好比較周全的準備，不要造成民怨，這個是我們一直期待的。,2,LCIDC01_11111101_00004
賴惠員,在疫情這段期間，我們的虛擬健保卡跟電子支付遠距醫療資源再升級，今年因為疫情的原因在居家醫療、遠距醫療及視訊診療這三大面向全面實施虛擬健保卡。健保署也表示，你們希望虛擬健保卡整合電子處方箋和行動支付，比如希望納入街口支付或APAY或LINE Pay，讓民眾在看病的時候能夠比較方便支付視訊診療費用，我在這裡要請問今年底有沒有辦法全面推動？,3,LCIDC01_11111101_00004
賴惠員,好，署長，我想虛擬健保卡是大家的期待，你從大醫院出來，你也知道在醫院看病，如果我們透過虛擬健保卡可以在看完病後快速付費，再去拿藥，其實可以縮短很多病人的時間。署長，請問目前虛擬健保卡規劃的進度為何？,4,LCIDC01_11111101_00004
賴惠員,什麼時候有機會全面推動？,5,LCIDC01_11111101_00004
賴惠員,署長，在大醫院的推動基本上會比較單純，所以是不是應該先由大醫院推動？你只要取得第一步以後，我相信後面的基層醫療院所跟上來的腳步就會更快。,6,LCIDC01_11111101_00004
賴惠員,還是沒有一個時程，就是朝著……,7,LCIDC01_11111101_00004
賴惠員,"署長，這個其實是幫了一個很大的忙。部長，同卡不同命，一張健保卡在臺北跟在臺南、高雄其實是不一樣的待遇、規格，南北的壽命比差很大，臺北人跟高雄人的平均壽命有4歲的差距，雖然臺南也是直轄市，可是在六都裡頭，我們的平均壽命是倒數第二，等一下我會讓部長補充說明造成南北國人的平均壽命差了4.21歲的原因。醫療資源貧乏正在進行中，原臺南縣有13個區的診所數是個位數，透過臺南市衛生局的統計，全臺南市有5.4%的人口地處45分鐘車程內沒有醫院、沒有基層醫療院所的區域，他要看病，可能需要30分鐘才有辦法至診所就醫。對於醫療資源不足的地方，我們也知道透過行動醫院、行動醫療車與巡迴醫療等政策補強，但仍有醫療缺乏差距很大的問題。對於區域醫療之不均，有沒有一個解方？部長也來自於屏東，曾在屏東當過衛生局長，你知道人口老化跟年輕人外流的問題，對於偏鄉的地方而言會更加嚴峻，你認為面對區域醫療分配不均的問題，有沒有辦法更進一步解決？或有沒有什麼更積極的方法？我在此跟部長及署長請命，最主要是告訴你們偏鄉診所經營不容易，因為受限於地理環境及交通不便利，還有人口稀少、門診人數不足，可是我們如何鼓勵在偏鄉的基層醫師可以繼續在地服務，這就是今天要和你們探討的問題。在居家醫療的整合計畫，這些點數如果是在偏鄉，可能一次可以拿到2,051點，即大概拿到2,000元；可是相對的，如果不是山地離島，他們只能用到1,553點，從整體來講，它又規範說只能以所在地10公里的範圍為原則，這也是我特別要請部長及署長去瞭解的。我們簡單的講，以臺南一個點為例，關子嶺距離白河衛生所就有14.3公里，如果坐計程車單趟要花411元，來回就要822元；相對的，一位醫生可能支持偏鄉醫療，自己出去診察，可是一天只能看到兩個病人，那是不是可以補助交通費用？這是本席今天要跟兩位探討的，雖然現在臺南由成大醫院接手了，可是成大醫院從臺南市區到白河，換算起來距離為69公里，如果是計程車費用，可能來回需要3,600元。所以部長，居家醫療的距離非常、非常地遙遠，我在這裡也希望替他們請命，是不是可以提供交通費的補助？最後，請部長及署長會後可不可以提出書面資料給本席，我在這裡其實也要跟所有投入偏鄉的醫療護理人員致上一百分的敬意，非常謝謝你們在醫療平權上的貢獻，不然在偏鄉有很多的人是享受不到臺灣最好的醫療服務。謝謝部長及署長，關於在偏鄉交通費用的補助，希望你們好好地去考慮。",8,LCIDC01_11111101_00004
莊競程,"（9時25分）部長好。部長，先前本席曾關心過健保部分負擔新制的問題，衛福部也在日前表示112年度的健保總額會突破新臺幣8,300億元，明年健保費率維持5.17%不變，並且強調部分負擔新制的執行勢在必行，但上路時間仍要視疫情的穩定度決定，原定在今年5月要上路的部分負擔新制因為疫情而暫緩。",9,LCIDC01_11111101_00004
莊競程,有學者質疑就算新制上路對健保的財務挹注也有限，在邏輯上，部分負擔主要的作用應該是希望能減少不必要的醫療行為，將省下的費用能夠給付給癌症或罕見疾病等急需新藥對象納入健保的用意，但是外界卻將這樣的制度直接解釋為對財務挹注有限，對於這樣的說法，部長的看法是如何？,10,LCIDC01_11111101_00004
莊競程,主要是減少不必要的醫療行為，繼續造成資源的浪費。,11,LCIDC01_11111101_00004
莊競程,健保部分負擔新制針對門診藥品、檢驗及檢查、急診部分負擔收費的調整，如剛才部長所說的，預計只增加健保近百億元的收入，加上行政院因應健保安全準備不足的部分，主計總處也編列挹注健保240億元，而基本工資的調整連帶讓健保收入大概年增56億元，所以在精算後，明年健保安全準備金會大於一個月，會嗎？,12,LCIDC01_11111101_00004
莊競程,好。部長，健保會依據健保法要儘速把2023年的費率審議結果呈報衛福部，並且將改善健保財務的建議一併送給衛福部參考，衛福部還是需要轉呈行政院核定，你們預計什麼時候可以完成2023年費率的公告？,13,LCIDC01_11111101_00004
莊競程,瞭解。我想醫療的費用不斷地在增加，尤其像新藥及新科技的發展很快速，而且還特別昂貴，但是相對上健保預算總額增加的速度及成長的幅度，其實是低於OECD的國家，在OECD國家中健保預算總額平均一年約以2%的速度在增加，我們大概只有1.2%。如果長年累積下來，可能就會造成我們在醫療費用上的缺口越來越大，對這樣的問題，衛福部有沒有什麼樣因應的措施？,14,LCIDC01_11111101_00004
莊競程,"現在還是想跟你討論一下有關於罕見疾病用藥可近性的問題，臺灣的全民健保從1998年開始給付罕見疾病的治療用藥，不少罕見疾病的病患因此可以看見治療的希望。英國的「經濟學人」雜誌日前公布研究結果，比較了7個國家的罕見疾病診斷與醫療照護現況，分析8種罕見疾病藥物在7個國家中從取得藥證到成功給付的時間差，結果顯示南韓跟臺灣敬陪末座，而且給付耗時，平均等待30個月，對於罕見疾病的政策，病人意見的影響力也非常有限，沒有明顯的影響力。部長，我國公告的罕見疾病大概有240種，明確低於國際罕見疾病認定的種類，國際大概有7,000種；另外，通過罕見疾病用藥認定的藥物有98種，其中61種罕見疾病藥物獲得健保給付，可以治療37種罕見疾病，所以在240種罕見疾病中，大概只有一成五的罕見疾病有健保給付的用藥，其他罕見疾病的病患就沒有健保給付的用藥可以用，即使有藥，可能也只能望藥興嘆。這邊有兩個問題，為什麼罕病認定的種類遠低於國際的認定數？另外就是僅61種罕見疾病用藥可獲得健保給付，其他罕見疾病用藥怎麼辦？罕見疾病的照顧，在評估時證據的不確定性高、成本也高，是很難改善的一個先天條件，部長認為應該怎麼運用資源的合理分配，以提升罕見疾病病人用藥的可近性？",15,LCIDC01_11111101_00004
莊競程,我想還是要努力，因為罕見疾病的家庭在照顧上真的是困難重重。,16,LCIDC01_11111101_00004
莊競程,"最後我想跟部長談一下兒童早療的問題，衛福部統計去年底發展遲緩兒童早期療育的個案，人數大概是1.9萬人，我想大家應該要對發展遲緩的兒童有更多的認知跟警覺性，遇到需要早療協助的狀況才知道應該如何尋求醫療資源，早期發現、早期治療，可以幫助需要早療的兒童發揮最大的潛能，幫助這些孩子未來成長得更好，也能減輕他們家庭的負擔。早療很需要長期作戰，為了減輕家長的壓力，其實政府設有早療補助經費提供家長申請，所以只要符合縣市政府所列條件的都可以申請早療補助，讓孩子透過早療課程的學習得到所需的進步和成長。但是相關的費用補助其實都設有上限，以臺中為例，交通費用及療育課程合併每個月補助大概4,000元，低收入戶才有5,000元，實際上都不符使用。這部分中央是否有可能與各地方政府再共同研議，依據現實的狀況看看能不能調整，減輕家長負擔，因為有些早療課程可能每次都需要好幾種不同課程一起進行，這樣的負擔對家長來講其實也很大。現在少子化，需要早療的人數其實不多，統計數字才1.9萬人，所以能不能再跟各縣市政府共同研擬提高補助，因為我看也是由各縣市政府向中央申請，中央再給縣市政府去補助。",17,LCIDC01_11111101_00004
莊競程,我想早療的問題還是要由中央統籌，因為其實各縣市政府的財政負擔不太一樣，但是需要早療的兒童其實應該有相同的補助標準來減輕家庭負擔。,18,LCIDC01_11111101_00004
莊競程,好，整體的問題跟經費補助，我們再繼續努力。,19,LCIDC01_11111101_00004
邱泰源,（9時37分）謝謝主席今天排這麼重要的議題，我們來探討一些對國家醫療發展、人民健康很重要的議題。部長辛苦了！,20,LCIDC01_11111101_00004
邱泰源,"今天既然難得有這個機會來這邊探討一些醫療資源的配置，以及整個國家在醫療保健方面的成就，尤其是世界各國所呈現出來的狀況，我們來做一個review，看看有哪些可以精進。首先我還是肯定政府在這些年來，尤其是在衛福部團隊跟所有醫事團體的努力之下，不管是在醫療或防疫的努力，守住了很多應該守住的防線，守護人民的健康，關於未來如何精進的部分，我們來探討一下。我們來看一個資料好了，這個也是常常在提的，衛福部也常常針對這個問題在看要怎麼檢討及處理，醫療、公衛或醫療經濟學方面的專家在屢次開會當中，這邊依相關會議的重要性來呈現，看起來我們的GDP是比較低一點點，在OECD的國家中是比較後面，但是我們的健康指數長久以來一直都照顧得不錯，表示我們很有效率地在照顧病人，要感謝政府跟專業團隊的努力，但是我們還是要注意一些警訊。我們再看一下亞洲主要競爭國家的平均餘命，看起來臺灣在2020年是稍微低了一點，比日本、新加坡跟韓國都比較低一點。我記得我們小時候學公共衛生，畫圖時最重要的是什麼？一個國家的健康就是看它死亡的狀況跟死亡率，當然包括平均餘命，我在臺大總醫師訓練完成後，到金山鄉衛生所當主任時，就把這個貼在招牌上，當作為鄉努力的目標，一路也跟部長學習非常多，這是呈現事實的現象，並不影響我們卓越的努力。我們看一下，The Lancet幾年來都有追蹤The Global Burden of Diseases, Injuries, and Risk Factors Study，就是整體疾病、傷害的狀況，看起來我們在2015年排名是45，然後2016、2017這2年有進步，在亞洲各國來講，看起來好像稍微落後一點點，新加坡比較好，這是整體性的。我們來看個別性的，我們的腎臟病、糖尿病和COPD（慢性支氣管炎）看起來分數的確比較低，其他有的做得還滿好的，有的甚至是100分。我們的慢性病照護品質看要怎麼加強，我們也知道很多人都計畫，不管是在醫院或結合社區，甚至是醫院和基層分流共同照顧的計畫也非常多，是不是我們要做一個總檢討看看這樣的成效怎麼樣？不曉得部長有什麼指示？",21,LCIDC01_11111101_00004
邱泰源,謝謝部長，因為這個議題很大，所以部長可以講2個小時，重點講一下就好。但是你有提到一個非常重要的重點，也希望部長能夠幫忙，就是不管在醫院這一塊或者基層這一塊怎麼樣幫忙慢性病，這幾年來我一直希望健保或者公務預算能夠多挹注在慢性病管理這部分，增加基層的量能，未來商司長那個部分及李伯璋署長那個部分，特別是部長要對基層再加強量能，讓它不要萎縮，甚至應該要成長，符合人民健康的需求。,22,LCIDC01_11111101_00004
邱泰源,那就拜託這次的總額能夠多多給基層一點，加強一下。,23,LCIDC01_11111101_00004
邱泰源,我想部長和各位長官都是最瞭解人民健康的需求，特別是很重視整體分級醫療的部分，所以一定會從醫院到基層都能夠堅強照顧人民的健康，我們一起努力。,24,LCIDC01_11111101_00004
邱泰源,剛剛有提到我們不可能一直增加總額，或者是增加人民太多的負擔，這也是我們心所不忍的，所以醫護人員為什麼這麼多年來也是站在不想增加人民負擔之下努力在做，都在照顧人民的健康。其實醫藥發展這麼迅速，不要到最後，明明是臺灣人的智慧發展出來的成品，結果我們自己都用不太到，也很可惜，這個一定要想辦法，我很敬佩李署長曾經在這個會議裡面提到，後續怎麼樣在健保以外改善商業保險的部分。最近衛環委員會去看了幾個醫院，其中有一個是癌症醫院，他們最有感受，因為他們的病人很多都是需要很高的費用，怎麼樣能夠在後面有一些保險可以給付，讓病人的生命不要因為負擔不起費用而喪失，當然今天大家都會討論這個議題，而開會的專家是建議，有沒有可能這些事情採特別預算的觀念挹注到醫療院所建構、建置，不是重建，尤其是在疫情之後。甚至有專家建議是不是應該要有一點前瞻性計畫的觀念，現在前瞻計畫的確有關注到偏鄉視訊醫療的部分，但是可以不可以用一些特別預算或前瞻性計畫，在不要增加人民負擔的情況之下，讓醫療量能能夠照顧更多的人民健康？不曉得部長的看法是怎麼樣？,25,LCIDC01_11111101_00004
邱泰源,謝謝，我想後續我們可以再一起努力。,26,LCIDC01_11111101_00004
邱泰源,最後半分鐘就好。主席英明，今天安排醫療資源如何分布偏鄉的報告，很多委員也提出很多很好的建議，但我們還是比較關注怎麼樣把養成的醫師，或已經有的醫療資源在偏鄉營造一個好的環境、待遇或配套措施，讓他們能夠儘量留在那裡。當然我們看到現在臺東有很多優秀的醫師，其實都是因為當兵的時候在那邊認識當地的女生，然後就在那邊結婚、生子，最後才留下來了，不過他們都很厲害，能夠省吃儉用，在臺北都有買了很好的房子，反而臺北的醫師買不起臺北的房子，這些都是我們很人性化要去討論的一些想法，我們臺灣寶島處處是樂園，處處都可以好好照顧病人，人民在各個地方都可以受到照顧。我在日本留學的時候最感動的就是不管到日本哪一個地方，包括偏鄉，都很乾淨，廁所也都很乾淨，為什麼臺灣不能在任何一個地方都行醫行得很有尊嚴，同時他們的小孩子可以得到很好的照顧、教育？我相信如果這樣，偏鄉的問題早就解決了。請簡短暫回答，我的意思就是養這麼多牛就讓它好好發揮，不要再一直養牛出來，最後還是回到大都市了。,27,LCIDC01_11111101_00004
邱泰源,我瞭解，不過衛福部常常提新的計畫，現在又有很多資源在那裡，我常在講有的醫生50幾歲了，其實他也沒什麼病人，想一些方法讓他回去，或者是現在條件把它弄好，現在的計畫講難聽一點，真的要落實是10年以後了，天下都不知道變得怎樣了。,28,LCIDC01_11111101_00004
邱泰源,好，沒關係，我還是關心怎麼樣讓在那邊服務的人能夠有更好的條件。,29,LCIDC01_11111101_00004
邱泰源,第二個，有意願的人能夠吸引他到那邊服務，而不是一直在培養，因為到時候會變成有點浪費人才，也是可惜。,30,LCIDC01_11111101_00004
邱泰源,好，感謝部長、署長。,31,LCIDC01_11111101_00004
吳欣盈,（9時52分）主席早，今天是Thanksgiving感恩節，我也跟其他委員一樣說聲感謝。部長，這3年來疫情期間真的辛苦你了，今天有些問題想跟你聊聊，希望在我們這個寶島上讓民眾更加幸福。今天要討論關於全民健保永續經營的部分，想請問薛部長，衛福部有評估過目前臺灣有多少健保支出是所謂的unnecessary care、非必要醫療嗎？有盤點嗎？,32,LCIDC01_11111101_00004
吳欣盈,可是你有沒有一些list，一些相關general的面貌呢？還是有沒有把這些可能的項目挑出來？,33,LCIDC01_11111101_00004
吳欣盈,"謝謝。因為在全民健保，其實國外非常關心健保的財務狀況，全民健保自2017年，今年已經是第2季，持續6年赤字，到年底部分負擔新制上路，每年只增加100億元收入，相對每年是有8,000億元以上的支出，所以我才對這問題比較關心。當然部分負擔新制還有另外一個目的，希望能藉由使用者付費的精神，減少不必要的醫療花費，想請問部長，預估健保部分負擔新制能降低多少醫療費用的浪費？",34,LCIDC01_11111101_00004
吳欣盈,過去幾年在臺灣，其實健康支出占GDP大概6%，可是在OECD國家的平均大概是8.8%，不到七成，請問部長，衛福部有沒有參考過世界各國的健康支出水準？目前有沒有設定臺灣未來健康支出中長期的目標呢？,35,LCIDC01_11111101_00004
吳欣盈,好，謝謝。健保署為了因應全民健保財務吃緊，我想要請問，在國外許多已開發國家區分居住者與非居住者，就是resident及non-resident的醫療付費，可能在臺灣一年待180天以下或以上的人，醫療付費的費用是不一樣的，其實從費用的部分也可能幫忙這一塊。之前世界健康組織WHO也提到，未來最多的合法移民、legal immigrants、migrants就是護理醫療人才，剛剛聽到偏鄉跟都市或是國與國之間醫療人才都非常缺乏，我再請問部長有沒有考慮resident及non-resident的相關政策呢？,36,LCIDC01_11111101_00004
吳欣盈,OK。另一部分就是要健康支出方面，本席在兩週前有跟部長提到，我對智慧醫療的解決方案非常感興趣，希望用科技追蹤每個民眾在什麼時間點適合什麼樣的治療以做配合，在人生不同的階段也可以有一些intervention，這樣可以避免一些非必要醫療所造成的浪費，達到事半功倍的效果。臺灣除了醫療科技是世界頂尖以外，ICT產業也是臺灣的驕傲，相信我們絕對兼備發展智慧醫療的基礎，不過目前的大問題看起來是在民間發展智慧醫療的路上法規不是很完善，感覺綁手綁腳的，所以我想請問部長，智慧醫療的監理沙盒什麼時候會上路？這個問題我兩個禮拜前有問過，因為我是新人，你們不要把我忘記了，你們說會來報告，那我想請問這個沙盒什麼時候會處理？,37,LCIDC01_11111101_00004
吳欣盈,我想快速地分享，在推動智慧醫療的部分，新加坡在2018年推動認證實驗和調適機制（Licensing Experimentation and Adaptation Programme，LEAP），試辦新創醫療服務；南韓在2019年也通過了產業融合促進法，開始做精準醫療嘗試。此外之前我提過美國退休金協會（American Association of Retired Persons，AARP）做的銀髮競爭力報告也提到，他們預測在亞洲會有一個Asia Champion出現，也就是亞洲國家和亞洲都市會是精準醫療及銀髮醫療的典範，因為他們相信亞洲人敬老尊賢的文化比較強烈，同時我們的人口密集度也高，利用科技可以用很多方式把服務送到府上而減少一些浪費。臺灣在這幾年來的疫情做得非常好，因此我也很期待，說不定這次我們也可以有這樣的機會。最後，除了監理之外，我也想瞭解biodata的部分，臺灣之前有一個會議叫做BTC（Bio Taiwan Committee），在2018年他們有提供建議，希望用歐盟GDPR標準或美國FDA Part 11 Compliance認證規範，兼顧個資保護及電子數據品質，可以開放健康醫療資料並予串連。我知道今年8月臺灣的憲法法庭才剛判決有關健保資料庫的部分，可是好像健保署說要等3年之後才會修訂法制，請問部長可否稍微說明？,38,LCIDC01_11111101_00004
吳欣盈,好，謝謝。主席（邱委員泰源代）：針對這個議題我補充說明，2016年世界醫師會在臺北召開世界醫師大會，那是一個很大的會，有八十幾個國家的醫師會到這邊來開會，我們當時發表一個臺北宣言，就是針對Biobank相關的議題，也許我可以把資料送給吳委員及部長做個參考。請張委員育美發言。,39,LCIDC01_11111101_00004
張育美,（10時6分）過去5年間健保基金的財務呈現入不敷出，106年短缺98.4億元，107年短絀266億元，108年短絀341億元，到109年時達到最高峰，短絀676億元，110年因為調整保險費率，收支缺口縮小短絀155億元，今年則預估短絀約85億元，換言之健保基金將邁入連續6年虧損。我們展望明年，縱使主計總處因應健保安全準備金不足而撥補240億元，以及基本工資調整增加56億元的收入，大概共有300億元左右，短期內收支失衡問題還是難解。不僅如此，由於醫療服務是採總額制度點值支付，倘若點值不打折，保險成本就會更加大幅增加，也就是說實際的總額缺口是遠大於帳面數據，這樣對嘛！根據醫界團體推估，每年健保總額與醫療服務量之間的財務差距其實高達五、六百億元，陳時中前部長4月備詢的時候就表示，將提出5年期點值品質改善方案，逐年陸續改善點值窘境，所謂的窘境就是1點只給0.9點、0.85點。今天我要進一步瞭解，預計每年能為健保財務挹注將近100億元的部分負擔新制，也就是李署長一直要推動的健保部分負擔新制，在5月的時候因疫情而暫緩，李署長多次提到部分負擔新制勢在必行，對吧？上個月薛部長在答詢的時候認為要評估疫情以及經濟因素等等，部分負擔新制才要上路。對醫療院所來說，當然有涉及系統的問題，因為部分負擔要改資訊系統等等，請問部長，今天能不能說明明確的時程表，讓各界知道衛福部的規劃，否則部分負擔新制只聞樓梯響，無法紓緩目前健保的財務壓力，不能畫餅充飢啊！,40,LCIDC01_11111101_00004
張育美,修改資訊程式。,41,LCIDC01_11111101_00004
張育美,所以部長有提到一個時間點，大概明年第一季，至少我已經問出時間。,42,LCIDC01_11111101_00004
張育美,我們回到點值改善方案，要縮短總額和服務量的差距，手段不外乎有兩個，第一個是減少服務量，第二個是增加總額。在減少服務量方面，近年來就是分級醫療部分負擔、醫療資訊雲端查詢等等，抑制不必要的檢驗檢查、用藥浪費，譬如說在A醫院做過的檢查，在B醫院就不要再做，以減少浪費，以及嘗試改變民眾的就醫習慣。不過除了這些既有的做法外，我知道衛福部在努力，但是面對每年數百億甚至高達五、六百億的點值缺口，請問衛福部還能提出什麼手段來解決問題？我為什麼這樣說呢？因為一個是減少服務量，可是現在是老齡化社會，好像跟這個有反差；另一個是增加保額收入，但我們的工作人口比例又下降，保費收入會下降。請問部長，我們要如何改善健保的體質，讓點值回歸1點就是1元？,43,LCIDC01_11111101_00004
張育美,牙醫、中醫都1元以上？,44,LCIDC01_11111101_00004
張育美,對，我知道，部長，我們今天討論很多健保財務的沉痾，但我仍要強調，財務困境不應該只由醫療機構、醫事人員來承擔，尤其在疫情之後，署長也要聽好了，我們醫療人員如何投入防疫，保障人民健康、生命安全，你怎麼可以只有讓醫療機構、醫事人員來承擔這個財務困境呢？所以我剛剛說，在疫情之後，更凸顯了醫療體系的珍貴，維持醫療服務的永續，行政機關是責無旁貸的。,45,LCIDC01_11111101_00004
張育美,部長，你剛剛說牙醫、中醫是1點1元以上，因為他們有control，可是有時候整個醫療在某種情況之下，可能是疫情爆發或是什麼疾病之下，它可能就沒有辦法按照原來的計畫control，所以不能只由醫療人員、醫療機構來承擔，對不對？,46,LCIDC01_11111101_00004
張育美,我應該說，除了疫情之外，還有某種不可control的情況之下，像疾病的流行等等……,47,LCIDC01_11111101_00004
張育美,就是行政機關也責無旁貸，醫療從業人員和政府要一起合作，所以政府機關應該提供醫療服務、合理報酬，而不是要求醫界做100分的事情卻只給予90分的報酬，署長認為這樣對不對？好像現在都是如此，診所也是，做一塊錢可能只給0.85或0.9，醫院可能也是這樣，署長，是吧？所以我覺得這個不能只由他們承擔，行政機關衛福部也應該一起來研究要怎麼解決。所以明年度總額方案的進程是如何，也要讓醫療界知道啊！,48,LCIDC01_11111101_00004
張育美,大概12月幾號可以？12月15日或12月30日都可以，總是要在年底前出來啊！要給我一個大概的時間。,49,LCIDC01_11111101_00004
張育美,OK。部長，不管你們最後採取什麼方案，都希望你們能謹記「醫療永續」，讓醫療從業人員看見健保制度的未來。其實以時間的進程而言，醫療永續是比淨零碳排更急迫的，因為淨零碳排是2050年，而健保則是113年會破產，以時間的急迫性來講，醫療永續應該是更急迫的，你認為對嗎？,50,LCIDC01_11111101_00004
張育美,對，全國人民的健康投資。,51,LCIDC01_11111101_00004
張育美,所以今天的議題很棒，政府機關、醫療從業人員和病人要節省健保支出，不要浪費健保資源，大家一起來努力，讓醫療永續，結果應該是如此，對不對？,52,LCIDC01_11111101_00004
張育美,好，謝謝。,53,LCIDC01_11111101_00004
李德維,（10時19分）部長好。您說衛福部不同意確診者投票的作法合憲，更說衛福部施政一向合憲。你有說過這句話嗎？,54,LCIDC01_11111101_00004
李德維,瞭解，因為本席準備了3個案例是衛福部相關的作法，但司法院大法官會議卻完全不同意。第一個是國民年金案，大法官釋字第766號解釋提到，相關限制以遺屬提出申請且符合條件之當月為領取遺屬年金之始點，不符憲法第二十三條比例原則，與憲法第十五條保障財產權及生存權之意旨有違。這個就是衛福部違憲啊！部長，有沒有？,55,LCIDC01_11111101_00004
李德維,是，所以它指出你們的做法是不符憲法第二十三條，這個是不是違憲？,56,LCIDC01_11111101_00004
李德維,部長，本席在此提醒您。另外，針對化粧品廣告事前審查案，司法院大法官釋字第744號解釋指出，「化粧品衛生管理條例『違反第二十四條……』係就化粧品廣告所為之事前審查，限制化粧品廠商之言論自由，……，與憲法第十一條保障人民言論自由之意旨有違」，所以也違憲。,57,LCIDC01_11111101_00004
李德維,還有第三個，針對健保資料庫案，憲法法庭111年憲判字第13號指出，「衛生福利部中央健康保險署就個人健康保險資料之提供公務機關或學術研究機構於原始蒐集目的外利用，由相關法制整體觀察，欠缺當事人得請求停止利用之相關規定……違反憲法第二十二條保障人民資訊隱私權之意旨。」部長，這都是過去衛福部違憲的例子，所以我們還是要提醒您，詐欺未遂是你可以決定的嗎？還是司法機關……,58,LCIDC01_11111101_00004
李德維,部長，因為您說詐欺未遂，昨天執政黨的立委在這邊直接說，那不是你衛福部薛瑞元部長可以決定的，他說你是信口開河。信口開河的同義詞就是胡說八道、胡言亂語，這都是信口開河的意旨。,59,LCIDC01_11111101_00004
李德維,有所本，是不是？,60,LCIDC01_11111101_00004
李德維,所以本席還是要提醒，因為不可能相關的法律解釋都由衛福部來決定，尤其是詐欺未遂，更不可能由衛福部來決定。,61,LCIDC01_11111101_00004
李德維,所以部長，你還是覺得詐欺未遂是你決定就對了，是這個意思嗎？,62,LCIDC01_11111101_00004
李德維,你所謂的「我們」要篩過，不就是衛福部，不就是您嗎？農委會的主委就說他說了算！,63,LCIDC01_11111101_00004
李德維,所以你會決定要不要移送，對不對？,64,LCIDC01_11111101_00004
李德維,本席前面的話題已經結束。我想請教您，有民眾陳情，因為衛福部去年對次氯酸防疫的宣導有錯誤，他們希望衛福部能夠澄清，就是次氯酸鈉與次氯酸的名稱相似，但是物質相同嗎？,65,LCIDC01_11111101_00004
李德維,名稱很相似，對不對？,66,LCIDC01_11111101_00004
李德維,部長，日本厚生勞動省的官網指出，這兩個物質是不相同的，用水稀釋次氯酸鈉就是俗稱的漂白水，不會成為次氯酸水，所以部長可以請部裡面就相關的次氯酸鈉與次氯酸水之差異做澄清嗎？,67,LCIDC01_11111101_00004
李德維,可以喔？,68,LCIDC01_11111101_00004
李德維,"接下來是有關健保的問題，部長，請教一下，全民健保總額年年攀升，今年突破8,000億元，連續第5年出現赤字，當然財務缺口也擴大。請教一下，過往健保希望民眾控制好慢性病而免除部分負擔的美意，現在也變成相關財務缺口，因為財務缺口而改變政策，你覺得這個做法是對的嗎？另外，再請教一下，健保給付的制度導致了檢查量居高不下，現在資料顯示，檢查費用占健保支出的比率，在開辦的時候是3.4%，但是現在快速增加到12.5%，就這個部分，衛福部怎麼樣減少不必要的檢查？衛福部有沒有檢討？",69,LCIDC01_11111101_00004
李德維,所以就這個部分請你們好好去思考。,70,LCIDC01_11111101_00004
李德維,"另外，健保的花費這麼高，現在健保總額一年8,000億元，但是藥品的部分就占了2,100億元，占比是28.9%，相較於美國、甚至於韓國的15%上下來講，我們的占比偏高，所以藥價的黑洞還是要請衛福部相關單位好好地思考。我們特別要請衛福部思考，因為長期以來，大型醫院的用量、數量比較龐大，對於議價能力或採購權當然有其優勢，但是也不可諱言地，現任國策顧問、藥師公會全國聯合會理事長黃金舜表示，一張平均1,000元的處方箋就能賺進將近483元的藥價價差，這樣子是不是不太合理？有沒有改進的辦法？",71,LCIDC01_11111101_00004
李德維,所以這個就拜託衛福部的同仁，好不好？謝謝。,72,LCIDC01_11111101_00004
陳椒華,（11時29分）部長好。請問一下，我們健保有可能會倒閉嗎？,73,LCIDC01_11111101_00004
陳椒華,一定不會嘛？,74,LCIDC01_11111101_00004
陳椒華,請問我們現在支出比較高額的醫療大概是哪些部分呢？,75,LCIDC01_11111101_00004
陳椒華,請問癌症藥物支出的費用占比大概多少？,76,LCIDC01_11111101_00004
陳椒華,可以。,77,LCIDC01_11111101_00004
陳椒華,占全部健保支出的占比大概是多少？,78,LCIDC01_11111101_00004
陳椒華,這樣子的比例很高，對不對？,79,LCIDC01_11111101_00004
陳椒華,也就是國人罹癌的比例很高。,80,LCIDC01_11111101_00004
陳椒華,80萬人次，所以我們的癌症發生率由健保的資料庫可以看到，對不對？,81,LCIDC01_11111101_00004
陳椒華,請問，我們現在癌症的發生在哪些地區是比較多的？,82,LCIDC01_11111101_00004
陳椒華,對，但是我們可以由資料庫去判斷、去研究。,83,LCIDC01_11111101_00004
陳椒華,部長有沒有想要做這個研究？,84,LCIDC01_11111101_00004
陳椒華,可是我們衛福部公布的癌症資料都是比較大範圍的，只有到鄉鎮，沒有包括村里的部分。,85,LCIDC01_11111101_00004
陳椒華,但是如果你沒有再繼續研究，因為我剛剛前面問的是你從資料庫其實可以去瞭解村里的癌症情形，是不是？而公布是另外一回事。,86,LCIDC01_11111101_00004
陳椒華,我知道，我是說部長可以去瞭解，公布的話可能又是另外一些政治問題，比如一公布恐怕會引起恐慌。,87,LCIDC01_11111101_00004
陳椒華,或者因為工業污染、水污染所造成的癌症發生率增加，對不對？,88,LCIDC01_11111101_00004
陳椒華,部長，我要講的是，假如我們的癌症支出占現在的健保費用達20%，我們當然也希望癌症的發生率能夠降低，對不對？,89,LCIDC01_11111101_00004
陳椒華,我們找出原因就可以讓健保更永續，是不是？,90,LCIDC01_11111101_00004
陳椒華,所以我要拜託部長及衛福部，我努力了幾十年，我一直覺得是衛福部讓這些癌症發生的資料不公開，變成一個黑箱，所以我們沒辦法讓污染降低的一個很主要的原因，就是去隱瞞癌症發生的位置。,91,LCIDC01_11111101_00004
陳椒華,我也希望不會。,92,LCIDC01_11111101_00004
陳椒華,但是我舉一個例子給你聽，譬如我們知道林園的癌症發生率是全國最高的地方，而林園就是工業區造成的，對不對？正是因為要公布，我們才能夠降低工業污染，可以要求工業區要好好去做污染防制，所以是這樣的思考邏輯。我現在是希望我們健保永續，因為現在很多人得癌症，所以健保的支出就很高，比如20歲就得癌症，現在醫療做得很好，20歲可能要一直治療20年、30年，所以支出可能就很高。因此部長現在要面對這個問題，因為現在的癌症越來越多。,93,LCIDC01_11111101_00004
陳椒華,把病因找出來。,94,LCIDC01_11111101_00004
陳椒華,是啊！但是我希望衛福部能夠不要去隱瞞。,95,LCIDC01_11111101_00004
陳椒華,但是要去研究，我現在就是連研究都沒有看到。,96,LCIDC01_11111101_00004
陳椒華,譬如這個里、這個村為什麼癌症特別多？我們要找出原因去治本，把它的病因找出來，這樣才不會……,97,LCIDC01_11111101_00004
陳椒華,部長，我沒有要你公開。,98,LCIDC01_11111101_00004
陳椒華,但是我希望你們至少要做，我告訴你一個事情，就是我做的田野調查，比如當年某一個污染源附近的癌症很多，我就做了好幾個，但一直沒有辦法找到健保資料庫的資料去比對，如果我們有健保資料庫跟我的田野調查比對的話，就可以找出真正的病因去改善。譬如我舉個例子，七股雷達經過我十幾年的努力，在下個月它就要遷到離村落比較遠的地方，就找到改善原因了嘛！因為當年那個地方才一百多個人、二百多個人，有上百個人不是癌症就是變殘障，所以我的意思是健保署一定要善加利用健保資料庫來做疾病防治或是污染改善，這樣的功能才會永續、健保才會永續。,99,LCIDC01_11111101_00004
陳椒華,重大工業區，好嗎？針對工業區。,100,LCIDC01_11111101_00004
陳椒華,至少重工業區、各工業區、鄰近村里的癌症調查，科學園區也做，大家來做來比賽，看誰污染防制做得好，讓癌症發生率比較低，可以嗎？,101,LCIDC01_11111101_00004
陳椒華,朝這個方向去做研究好嗎？這樣才能造福國人。,102,LCIDC01_11111101_00004
陳椒華,部長，你知道嗎？因為沒有做，所以像六輕很多癌症死亡的人要告都告不動。,103,LCIDC01_11111101_00004
陳椒華,很可憐。,104,LCIDC01_11111101_00004
陳椒華,謝謝。,105,LCIDC01_11111101_00004
洪申翰,（10時47分）部長好。今天我們委員會的主題是探討人力科別和地域分布的問題，我其實想跟部長討論一下關於離島跟偏鄉的醫療人力問題，很大的原因是因為我自己現在在黨內是認養馬祖做我的責任選區，非常頻繁會接到這個區域的地方上的一些反映。前幾天有一個勞工朋友在東莒的工地摔傷，在直升機後送到臺灣的路途中就不幸過世，當地的鄉親反映其實意外發生那天剛好東莒的護理師休假，所以島上其實沒有護理人力，必須由具其他專長的醫事人員進行第一線的工作，部長可以看到這是東莒的地圖，這是我想先講的第一個事情。第二個事情是要跟部長說，在馬祖有民眾投訴島上衛生所的正職藥師請假的時候，就必須要由沒有藥師執照的人力幫民眾拿藥跟配藥，這是最近在馬祖不斷被討論的問題。就制度上來說，藥師請假時應該要由南竿縣立醫院調派人力，但目前縣立醫院編制的4名藥師只聘到兩位，所以根本就無法支援。部長，醫療人員很辛苦，尤其在偏鄉服務的人，有關他們的休假，當然我不能說他不能休假，但我想問，部長覺得該怎麼協助馬祖的鄉親解決因人力不足而產生的健康醫療問題？,106,LCIDC01_11111101_00004
洪申翰,IDS計畫。,107,LCIDC01_11111101_00004
洪申翰,部長，當然我知道你們都會回答有公費生制度及IDS計畫，有鑑於馬祖醫事人力的缺乏，我想跟部長討論幾個事情，除了地處離島以外，坦白說很多的資訊、很多的狀況，其實真的沒有辦法被外地人瞭解，就像部長可能現在對幾個離島的醫事人員狀況不一定很瞭解，但健保署有建置「全國偏鄉醫事人力需求平台」，我不知道這件事情部長清不清楚？,108,LCIDC01_11111101_00004
洪申翰,坦白說，我們認為這是一個有幫助的平台，就山地、離島或偏鄉的醫療機構、服務鄉鎮需要什麼專科及職缺人數，包括住宿、交通等等的問題，其實都在上面列得很清楚，但它只針對醫師。部長，我們應該來思考是不是針對護理師、藥師等等偏鄉的醫事人員，他們的需求一樣存在，我剛才提到馬祖的需求，不只是醫師而已，護理師也是不夠、聘不滿的，甚至要用到沒有執照的人員去做原本藥師配藥的工作。這個問題不是只發生在馬祖，包括其他的山地、離島都有這樣的問題，所以我們有沒有可能建置全國偏鄉醫事人力的需求平台，包括護理的人力、藥師、醫檢師、物理治療師等等，其實都應該建置上去，就能很清楚明瞭到底有哪些人力缺乏，我們應該針對這些缺乏的人力做什麼策略上的運用？部長覺得能不能往這個方向來做？,109,LCIDC01_11111101_00004
洪申翰,好。部長，我接下來想提醒的，也是你剛才提到的公費生制度，除了在馬祖，其實金門也是我認養的選區，我想跟部長講幾個我們在金門看到的事情。衛福部從民國58年開始就在原住民族跟離島地區有醫事公費生的養成制度，我們現在看到金門所培養的醫事人員，竟然在醫檢系、放射系、物治系、職治系、呼吸治療系、營養學系等等的科系，全部都掛蛋，整體公費生的養成只有在醫學系，到目前為止，履約服務的公費醫事人員竟然沒有護理師、沒有藥師。部長，你覺得這樣職類的比例是合理的嗎？,110,LCIDC01_11111101_00004
洪申翰,部長，我們當然很清楚知道醫師非常重要，可是要維護公共衛生及整體醫療的部分，尤其是在偏鄉，我相信部長應該也知道，其他職類也非常重要，但我們現在確實看到幾個離島提出的公費生計畫中，多數都非常、非常偏重在醫師的部分，我覺得其他部分是偏廢的，甚至他們在整體的人才規劃上也不夠系統性、不夠完整，所以我覺得這部分是不是可以請衛福部督導幾個離島的地方，在他們所提出來的公費生計畫中，除了醫師以外，也能夠涵蓋其他的職類，變成是一個更完整的人力網，而不只是偏重在醫師，我覺得很可能地方政府對這部分的專業不一定很足夠，衛福部應該是可以進行系統的規劃，好不好？,111,LCIDC01_11111101_00004
洪申翰,因為公費生審核的權力是在衛福部，對不對？,112,LCIDC01_11111101_00004
洪申翰,衛福部在審核的時候，我覺得應該整體的檢視，而不是單獨將職類分開、單獨來看而已，如果可以這樣做的話，才比較能夠中、長期的來解決離島跟偏鄉醫療人員不足的問題，這部分真的要請部長多幫忙，好不好？,113,LCIDC01_11111101_00004
洪申翰,以上這兩個點，我們希望有短期部分的處理，也有中、長期部分的處理，希望你們痛定思痛來解決，不要再發生上述的這些事情，可以嗎？,114,LCIDC01_11111101_00004
洪申翰,謝謝部長。,115,LCIDC01_11111101_00004
楊曜,（10時56分）部長好。部長，剛剛洪申翰委員要求設置離島偏鄉人力需求的平台，這個是很好，可是依我個人長期的觀察，重點是在人到底要怎麼找，需求的部分是一直存在著，譬如剛剛講到的公費養成，就是開設了護理系大概也沒有人選填，我們跟衛福部討論很久，開放及增加了很多護理系的人員，在3個離島縣中，澎湖已經算是選填比較多的，大概也只有30%而已，醫學系都沒有問題，因為大家看得到願景，所以醫學系從來不會缺額，但護理系就是開了也沒有人要選填。我記得有一年好像是金門還是馬祖，不到10%的人選填，這就表示離島、偏鄉因為生活條件的關係，我就以護理為例，護理人員的工作條件、工作環境及上班的時間，無法兼顧到家庭，所以越來越少人投入，這才是問題。,116,LCIDC01_11111101_00004
楊曜,目前在地養成的公費生留下來的……,117,LCIDC01_11111101_00004
楊曜,留下來的其實也不多。,118,LCIDC01_11111101_00004
楊曜,他大概寧願自己出來開業，其實這也不多。這是兩個問題，一個是他已經投入，服務的年限也到了，我們怎麼增加誘因讓他能夠繼續留下來，這是一個問題；另外，如何讓他進入這個職場場域，讓他願意選填，這可能是更大的問題。,119,LCIDC01_11111101_00004
楊曜,或者是往專科去規劃，因為也有護專畢業的，好像專科選填的意願反而還比較高一點，這個問題部長回去就是……,120,LCIDC01_11111101_00004
楊曜,因為它涉及到整個護理人員的工作，這也不只是離島偏鄉的問題，只是離島偏鄉的情況更嚴重。,121,LCIDC01_11111101_00004
楊曜,在地養成一定要回去呀！,122,LCIDC01_11111101_00004
楊曜,對，個別的也是有問題沒錯。,123,LCIDC01_11111101_00004
楊曜,請問部長，因為我們剛剛都在討論護理師的工作，現在部裡所屬醫院的護理師大概都已經納入危勞，社福機構的護理師並沒有同樣的被納入危勞。,124,LCIDC01_11111101_00004
楊曜,所以必須要他們報上來？,125,LCIDC01_11111101_00004
楊曜,請社家署跟……,126,LCIDC01_11111101_00004
楊曜,因為都是部立的嘛？,127,LCIDC01_11111101_00004
楊曜,所以請社家署統整一下。,128,LCIDC01_11111101_00004
楊曜,第二個，明年開始新修正的「行政院與所屬中央及地方各機關（構）公務員服勤實施辦法」規定公職的護理人員其休息時間有一定的規定，像澎湖老家可能就……我想也不只澎湖，有一些老家的護理人力本來就不足，要符合剛剛講服勤實施辦法的規定是有困難的，所以這個應該補人的部分請部長責成社家署……,129,LCIDC01_11111101_00004
楊曜,不是，我現在講的不是這個，部長講的我認同，但我現在講的是因為他人力不足，所以他根本沒有辦法做符合相關規定的輪值……,130,LCIDC01_11111101_00004
楊曜,老人之家，是社福機構，因為社福機構本身也有護理人員嘛？,131,LCIDC01_11111101_00004
楊曜,應該補人的要儘速補上。,132,LCIDC01_11111101_00004
楊曜,請問署長，現在健保費率涉及到安全準備金，對不對？那安全準備金在114年可能就會用罄，沒錯嘛？請問你們要怎麼因應？,133,LCIDC01_11111101_00004
楊曜,應該要調整的就要調整，比如署長提出的醫療分級、部分負擔的調整，我覺得這都是一個合理的方向，可是對於外界的疑慮一定要做說明，好不好？,134,LCIDC01_11111101_00004
楊曜,我們希望健保能夠長長久久，因為臺灣的健保確實是一項很了不起的制度，希望它能夠長長久久，好的政策還是必須要跟外界做充分的溝通跟說明，好不好？,135,LCIDC01_11111101_00004
楊曜,謝謝署長、謝謝主席。,136,LCIDC01_11111101_00004
蘇巧慧,（11時5分）部長好。我今天想請教部長三個問題，主要都是有關衛福部態度的部分，所以我就直接跟您討論，看看衛福部現在的方向、態度大概是什麼？第一個，我們現在防疫持續了兩年半、快三年，終於漸漸看到曙光，大家都已經恢復正常生活了，所謂的後疫情時代就要開始，後疫情時代其實方方面面，今天想跟你討論的其實是，在這兩年多、快三年裡，那些這麼認真且我認為有卓越貢獻的醫護人員，我們應該要怎麼樣跟他們做互動，甚至可以給他們更多的獎勵、獎助，以代表我們對他們的感謝？其次，想跟部長確認，在過去這兩年的防疫過程中，我們曾經答應要發給很多醫護人員、醫療院所獎勵加給如補貼、補助津貼這種，我們承諾要發給人家的，請問都發完了嗎？都發到位了嗎？,137,LCIDC01_11111101_00004
蘇巧慧,部長在備詢臺上的回答當然是我們都有在做、也都有發下去，但是如果去民間看一下的話，還沒有拿到的人當然就會覺得他怎麼還沒有拿到，疫情都已經到這地步了，所以它的速度到底是多快還是多慢？而且有時候我們這樣討論了，因為我是立法委員，所以我有機會跟部會討論，我可以理解有時候經費已經發到醫療院所，但是醫療院所還沒有發下去到個別的醫護人員，這個部分是不是可以請衛福部用一個督導、瞭解或是盤查的態度，讓整件事情尤其是醫護人員其本身可以感受到政府國家對他們的感謝，讓他們可以快點拿到他們應得的部分？我希望能夠儘快，現在已經快要年底了，部長覺得這件事情大概會在什麼時間點把它盤查完畢、完成瞭解？,138,LCIDC01_11111101_00004
蘇巧慧,列為考察的一部分，這是第一個。接下來討論今年的部分，老實講今年因為是Omicron，大部分都是輕症或無症狀，所以大家覺得比較沒有那麼嚴重，我們現在整天站在吉普車車上掃街，老實說我這樣在看的時候，每一家醫療院前面都有很多患者，當然生病不好啦，可是診所確實又有病人了。我覺得這些雖然是輕症，但今年的醫師一樣很辛苦，因為工作量很大，非常之大，因為感染的人數實在太多了，我覺得他們還是一樣在執行國家任務，所以對於今年的醫師們，我們是不是還是能夠給他們一些適度的獎勵、補助、加給、補貼、津貼等等，甚至是稅賦上的優惠？今年有沒有可能給他們一些這樣的鼓勵、感謝？,139,LCIDC01_11111101_00004
蘇巧慧,我想具體建議這三個啦！,140,LCIDC01_11111101_00004
蘇巧慧,對，就是因為前兩年有。,141,LCIDC01_11111101_00004
蘇巧慧,這是衛福部的態度嗎？衛福部認為應該比照嗎？,142,LCIDC01_11111101_00004
蘇巧慧,所以部長可以在這裡公開承諾說，其實衛福部已經認為今年醫生還是很辛苦，所以明年的費率應該要參照110年度做調整？,143,LCIDC01_11111101_00004
蘇巧慧,然後你們會跟財政部溝通？,144,LCIDC01_11111101_00004
蘇巧慧,非常好，非常感謝部長肯定的答案，衛福部是希望的。我打算建議的具體項目是三項，這樣子的話，第一項至少衛福部的答案是正面的。第二項我很清楚、也具體的建議了，就是剛剛說政府按照嚴重特殊傳染性肺炎防治及紓困振興特別條例所發放的補助、補貼、津貼、獎勵及補償，應該一樣參照110年度納入免徵項目，這應該很合理吧？應該衛福部就可以具體的表示態度，應該你們也是同意的吧？我們再去跟財政部說，這應該沒有問題吧？,145,LCIDC01_11111101_00004
蘇巧慧,說實在的，已經是補助、補貼、津貼，而且是獎勵了，沒有看過獎金還要納入稅賦項目的，所以我認為第二項其實非常合理。第一項、第二項衛福部今天都可以正面承諾，是肯定的態度？,146,LCIDC01_11111101_00004
蘇巧慧,第三項，其實我認為如果還能夠想到其他的，好不容易疫情已經走過3年，大概差不多告一段落，這次實在是應該給醫護人員一些特別的感受，感受大家、國家及人民對他們的感謝，不要像其他一些單位，現在已經過完2年，大家已經可以回復正常生活，突然間就回來把防疫英雄講得是防疫狗熊，一文不值，對不對？部長應該很贊同吧？,147,LCIDC01_11111101_00004
蘇巧慧,深深有感吧！,148,LCIDC01_11111101_00004
蘇巧慧,既然你深深體會，那麼將心比心，對基層的醫護人員，實在是能夠多想到一點的就多想一點。,149,LCIDC01_11111101_00004
蘇巧慧,沒關係，衛福部今天對第一項、第二項很正面的表示肯定態度，我就覺得很好，那我們再跟財政部說。第三項我是舉例，第三項……,150,LCIDC01_11111101_00004
蘇巧慧,對啦，我自己在寫的時候也是寫冒號之後是比如，我的意思就是說可不可以多想一點，大概是這樣。今天的第一題很感謝衛福部的態度是這樣，所以這個部分我們就繼續，一起協同財政部來討論。另外，我想直接跳到第三題，第三題是大家比較直接在問的，剛剛其他委員也有說到，臺灣的醫療很好，所以我們等於有很多好的資料庫，其中的健保其實就是一個非常龐大、其他世界不會有的資料庫。大家都會想要用這個資料，當然正向來說，我認為是學術研究、新藥、新創等等都沒問題，但就在今年（2022年）8月，大法官做了一個釋憲，認為如果這個資料作為二次利用，恐有違憲之虞，所以認為衛福部應該在3年之內訂定出法規，讓這一些資料要怎麼被利用能夠有規範，部長應該清楚這件事情。現在問題來了，8月22日大法官釋憲完畢，現在已經快12月了，就現在的狀況而言會變成實務上很多學術研究還是希望或需要取得這些資訊時，倫理審查委員會的態度就會趨於保守，我個人認為這對我們的學術研究或其他真正要善用的研究等等會有隔閡，這不是好事。所以我其實想聽聽看，第一、衛福部的態度到底如何，你們怎麼面對這個狀況？第二、甚至我想具體要求，雖然大法官說3年內制定出法律，但這件事情是不是可以加速？讓規矩、規則可以趕快制定出來，讓大家好用，也不會擔心觸法。部長你的態度呢？,151,LCIDC01_11111101_00004
蘇巧慧,真的很大是沒有錯，非常大。,152,LCIDC01_11111101_00004
蘇巧慧,交互的。,153,LCIDC01_11111101_00004
蘇巧慧,但是……,154,LCIDC01_11111101_00004
蘇巧慧,對啊，因為聽起來你的程序完全合情合理，我也支持這樣的程序，換個人來做也不會做出其他的程序方式，本來就應該這樣做，問題就是時間、速度。,155,LCIDC01_11111101_00004
蘇巧慧,當然，因為大法官也說最長只能3年，但我們現在就是認為3年太長，中間很多東西如果停了3年其實不好，我也不會要求你在這裡作出具體承諾，因為這種東西坦白講也很難計算，那你現在承諾，萬一就差了一個月或二個月，那算不算你違反承諾？我沒有要像其他人一樣，說薛部長違反承諾、下臺，這很無聊，這真的很無聊。但是至少我需要知道一個態度，或是藉由我的質詢讓外界知道衛福部的態度是打算運作得多快，或是你有沒有要加速的期望、作法之類的，因為這個過程我想各界都會同意，就應該這樣做。,156,LCIDC01_11111101_00004
蘇巧慧,第一個階段現在啟動了嗎？,157,LCIDC01_11111101_00004
蘇巧慧,如果以百分比來講，你認為大概已經完成多少？,158,LCIDC01_11111101_00004
蘇巧慧,5月就有機會嗎？,159,LCIDC01_11111101_00004
蘇巧慧,這件事情雖然是小眾，但也是滿多人在關心，所以這個過程、期程可能部長也是可以隨時公告社會大眾，以昭公信。我們辦公室會再跟您就教，謝謝部長。,160,LCIDC01_11111101_00004
吳玉琴,（11時19分）部長早，今天有這個機會來談一些健保的議題，我在健保之外要跟你討論有關臺灣癌症新藥多元基金的議題。部長也很清楚，我們好幾個委員都一直在關心癌症的新藥基金，在9月份本席跟劉建國委員也召開了癌症新藥可近性委員會，這是我們跟立法院厚生會召開的一個會議。當天其實好多委員都有一起參與，包括余天委員、蘇巧慧委員、林靜儀委員、王婉諭委員、徐志榮委員跟蔡壁如委員還有蔣萬安委員也都派員一起來參加，這個議題好多委員都非常的關心，而這個議題如何形成國家一個重要的政策呢？今天我想就這個部分來跟部長討論一下，部長也知道癌症時鐘已經快轉了11秒，每4分20秒就有一個人罹癌，而大腸癌也連續多年居十大癌症之首，大家看到癌症時鐘轉得越來越快，也越來越多人罹癌，當然之前相關的篩檢可以降低死亡率、提高存活率，這是一個好事，所以臺灣在健檢的部分推動得還滿有一定的成效。但是有一個問題，癌友除了早期發現、早期治療外，可能一確診就要面臨到這已經是惡性的癌症，而這部分的治療、末期的治療，可能是大家最擔心的部分。關於目前癌友碰到的困境，我還是要跟部長再做說明，這是癌症病友們的一個痛，就是二代健保實施之後，新藥的審查時間是加長的，非癌藥的平均審查時間是396天，但癌症的新藥需要等待730天，如果再包括申請藥證許可的時間，癌友可能要等三、四年才能取得新藥，這是目前所碰到的一個困境。另外一個困境也是癌友一直在反映的，即使二代健保實施之後，健保給付範圍比核准的適應症小，而且通常會先通過給後線使用，並非第一線的用藥，而且也會限定給付療程或期程，甚至據藥品查驗中心醫療科技評估報告顯示，癌症新藥許可證登載，適應症可能適用患者資格如果是100人，而最終得到健保給付的可能才30.4人，也就是30%左右，所以部長如何看待這個情形，即癌友所面臨的困境，還有如何加速審查呢？,161,LCIDC01_11111101_00004
吳玉琴,共擬會議審查。,162,LCIDC01_11111101_00004
吳玉琴,什麼條件才可以暫時給付？,163,LCIDC01_11111101_00004
吳玉琴,多了一個選項的意思？,164,LCIDC01_11111101_00004
吳玉琴,部長剛剛提到的暫時給付制度是已經要實施了嗎？,165,LCIDC01_11111101_00004
吳玉琴,如果有這樣的機制，當然希望可以讓新藥的可近性能夠更快一點，確實病友團體都覺得等太久了。另外一個要跟部長討論的問題，就是新藥的預算執行率，據10月份的媒體報導，今年的新藥預算是22.68億元，但是直到第二季結束，醫院總額新藥預算僅用0.86億元，等同執行率才4%左右，截至9月幾乎都沒有新通過審查的新藥，所以今年新藥預算的執行率可能很難突破10%。部長，預算已經編在那裡了，執行率卻還那麼低，不是應該增加癌友或是病友接觸新藥的機會或希望嗎？針對這個部分，你們有沒有什麼說明，還是這個數字是有問題的？,166,LCIDC01_11111101_00004
吳玉琴,可是與你們審查新藥的速度都相關啊！,167,LCIDC01_11111101_00004
吳玉琴,可是我們不希望看到已經編了預算但不執行。,168,LCIDC01_11111101_00004
吳玉琴,所以有關新藥今年使用的情形，會後還是給本席辦公室做一下說明。,169,LCIDC01_11111101_00004
吳玉琴,另外也要跟部長請教，因為今年有兩個總額沒有協商定調，是不是？,170,LCIDC01_11111101_00004
吳玉琴,醫界跟付費者代表對於新藥跟罕病的看法，差距是很大的，請問部長的態度到底是如何？還有什麼時候會做出決定？因為最後還是要由你來決定。,171,LCIDC01_11111101_00004
吳玉琴,好，瞭解。但是病友的心聲你還是要聽到。,172,LCIDC01_11111101_00004
吳玉琴,大家看到這個數字都覺得滿心驚的，怎麼會醫界對於新藥跟所謂罕病的藥竟然可以編列零，這是我們不願樂見的情形。,173,LCIDC01_11111101_00004
吳玉琴,所以這個部分有沒有可能跟藥廠好好談一下？我覺得在機制上應該要跟藥廠談，把藥價砍下來才是。,174,LCIDC01_11111101_00004
吳玉琴,本來我還要提一個關於新藥多元基金的議題，但今天時間上可能不太允許。最後一個問題想要請教部長，我們想要成立一個臺灣癌症的新藥基金，在法源方面，像我跟劉建國委員是放在癌症防治法裡面，也就是新增加一些基金的來源，亦即希望成立基金，也希望有基金來源，您的看法呢？您會建議我們去修健保法，還是放在癌症防治法來處理？,175,LCIDC01_11111101_00004
吳玉琴,是，健保外。,176,LCIDC01_11111101_00004
吳玉琴,就是主計總處願不願意編列財源的問題，因為設立基金就涉及財源的問題，今天本來還想跟你討論有關財源的問題，可是因為時間關係，我也不便再繼續占用，但讓我們一起來關心癌症新藥基金的議題，謝謝部長及署長。,177,LCIDC01_11111101_00004
廖國棟,（11時31分）首先跟部長請教最近比較熱門的一個話題，是有關公費生如果不執行享用公費之後的服勤義務問題，亦即陳市長的狀況，就此您現在的態度為何？,178,LCIDC01_11111101_00004
廖國棟,不是你主政？,179,LCIDC01_11111101_00004
廖國棟,現在是在衛福部嗎？,180,LCIDC01_11111101_00004
廖國棟,扣留在你們那邊。,181,LCIDC01_11111101_00004
廖國棟,是否有所謂的賠償機制？,182,LCIDC01_11111101_00004
廖國棟,現在由你們掌管之後呢？可以用賠償的方式嗎？,183,LCIDC01_11111101_00004
廖國棟,但截至現在為止，他已經陷入一個困境，而他又不肯回來服務，那你們怎麼辦？,184,LCIDC01_11111101_00004
廖國棟,是啊！但現在你們是主管單位，你們要怎麼面對這件事情？,185,LCIDC01_11111101_00004
廖國棟,我直接問好了，如果他不回來服務，你們怎麼辦？,186,LCIDC01_11111101_00004
廖國棟,什麼都不要，也不拿證書……,187,LCIDC01_11111101_00004
廖國棟,你就任其這樣毀約下去嗎？,188,LCIDC01_11111101_00004
廖國棟,所以你們現在是沒有方法可以處理，是嗎？,189,LCIDC01_11111101_00004
廖國棟,沒有錯，證書任你們扣，反正他繼續做他的事情，但就是不服務啊！可以這樣嗎？,190,LCIDC01_11111101_00004
廖國棟,可是現在公費生已經歸你們管了，你們的態度是什麼？,191,LCIDC01_11111101_00004
廖國棟,我之所以關心這個問題，是因為我也是公費生，在服務期滿後，我才出來開業，然後才當立法委員。,192,LCIDC01_11111101_00004
廖國棟,我覺得這個案例對後續的子弟，將會是一個不良示範，大家都可以這樣子，反正衛福部也對他無可奈何，事情最後會變成這樣。,193,LCIDC01_11111101_00004
廖國棟,好啦，這個問題以後我們再好好研究一下，這件事情我覺得必須要處理。第二個有關剛才吳玉琴委員提到癌症新藥或是所謂設置臺灣癌症新藥基金的問題，你們部裡面有修法的進度嗎？,194,LCIDC01_11111101_00004
廖國棟,但是民間癌症基金會的幹部也多次到我辦公室來，希望能夠推動，現在你們的態度如何？我剛聽到你跟吳玉琴委員提到費用的事情。,195,LCIDC01_11111101_00004
廖國棟,到目前為止，你們自己的態度為何？,196,LCIDC01_11111101_00004
廖國棟,大概需要多少費用？我們在預算方面不能幫你們的忙嗎？,197,LCIDC01_11111101_00004
廖國棟,所以部長你看我們現在環境惡劣，導致癌症發生的比例直線上升，因此有非常大的必要，所以你們要積極地面對這件事情。,198,LCIDC01_11111101_00004
廖國棟,我覺得中華民國絕對不欠錢，也不缺這一點錢，我們應該幫助這些癌友。,199,LCIDC01_11111101_00004
廖國棟,對，我的意思是我們要正面去看這個需求。我們應該幫他們的忙。,200,LCIDC01_11111101_00004
廖國棟,我現在只問你們有沒有修法的目標？,201,LCIDC01_11111101_00004
廖國棟,這個話題占了我很多時間，接下來請問你，剛才楊曜委員特別提到馬祖、金門的問題，其實臺灣島內的偏鄉一樣有這個問題，關於現在的醫療資源，你們明年的預算差不多都已經編完了，對不對？,202,LCIDC01_11111101_00004
廖國棟,你們於111年8月15日已經核定明年的預算，但是9月21日健保會跟你們協商的結果是成長率的估計值與112年度的總額基期付費者代表的立場又不太一樣，就此請署長說明？,203,LCIDC01_11111101_00004
廖國棟,"我看了相關的數據，已經核定公告的健保總額去年是8,095億元，那麼112年度的健保總額預估最低也要8,201億元，但是你們現在並沒有要調整這個費率，是不是？",204,LCIDC01_11111101_00004
廖國棟,還沒有決定？,205,LCIDC01_11111101_00004
廖國棟,部長，我比較擔心的是，當我們預算不足時，最先犧牲的都是偏鄉，像我們現在看到的就是這樣的狀況。,206,LCIDC01_11111101_00004
廖國棟,不會cut掉？但根據過去的經驗就是這樣，最先犧牲的都是偏鄉。,207,LCIDC01_11111101_00004
廖國棟,不會嗎？,208,LCIDC01_11111101_00004
廖國棟,我看到今年的5月15日上路調漲門診、藥費、診查費的健保部分負擔，因為Omicron導致你們延後上路，到底什麼時候要開始？,209,LCIDC01_11111101_00004
廖國棟,現在就是年底啊！,210,LCIDC01_11111101_00004
廖國棟,我所看到的數據，有關健保部分負擔調整，免除部分負擔的是低收入戶、分娩、重大傷病、3歲以下、榮民榮眷、山地離島，就是沒有談到偏鄉，其實偏鄉的狀況跟山地離島沒有差，甚至有過之而無不及，我的經驗是這樣，因為我過去也是從山地鄉到平地鄉服務，其實醫生到偏鄉服務的意願不會高於山地鄉，所以應該要把這個當作一個議題好好的研議一下。,211,LCIDC01_11111101_00004
廖國棟,對。,212,LCIDC01_11111101_00004
廖國棟,我覺得用捐款來處理總不是一個正道啦，要從預算的角度來看才是真正到位，好不好？,213,LCIDC01_11111101_00004
廖國棟,OK。另外其他比較小的問題，本席就不再詢問了，擇期再跟你請益。,214,LCIDC01_11111101_00004
洪孟楷,（11時41分）部長好，我想向您確認一下，有委員同仁接獲到民眾陳情，高中以下學生最近有收到疫情指揮中心統一發放的防疫物資，前兩個禮拜每人收到一盒5劑快篩，最近又公布每人發50片口罩，很多人說口罩禁令看起來都快要解除了，現在發口罩是不是在清庫存？有沒有這件事情？,215,LCIDC01_11111101_00004
洪孟楷,有什麼？,216,LCIDC01_11111101_00004
洪孟楷,最近是說每個人發50片，以前應該是給學生1天1片還是怎麼樣，現在是一次要給50片，就是給一盒，這是在清庫存嗎？當初買太多嗎？當初疫情最嚴峻的時候，大家節省著用，想辦法多留一些下來，現在快要恢復正常生活了就趕快發給學生？,217,LCIDC01_11111101_00004
洪孟楷,不是，現在就是有委員收到民眾陳情，所以本席想跟部長確定。,218,LCIDC01_11111101_00004
洪孟楷,本席記得之前疫情嚴峻的時候，政府說口罩要有國家庫存，以戰略物資的概念，現在衛福部到底庫存多少口罩？,219,LCIDC01_11111101_00004
洪孟楷,"好，這個數量大約是多少？你有沒有大約的數字？是1,000萬片、2,000萬片或是1億片？是不是仍然視為戰略物資？當然我們都不希望疫情再起來，那如果疫情再起來的話，現在國家的口罩庫存有多少？",220,LCIDC01_11111101_00004
洪孟楷,我們總共花多少費用去購買口罩？,221,LCIDC01_11111101_00004
洪孟楷,好，請把資料提供給本席，包括現在口罩庫存有多少以及防疫紓困計畫裡面花了多少費用購買口罩。,222,LCIDC01_11111101_00004
洪孟楷,"謝謝部長。另外，全臺2,350萬人最厭惡的就是發國難財、疫情財、防疫財，誰敢發這個財就是罪該萬死、罪大惡極，可以說是全民公敵，您在禮拜天說有疫苗掮客，這幾天這個議題吵得沸沸揚揚，本席之所以今天一定要再過來，就是我想要親口聽您講，因為媒體報導部長有提到掮客要求以總採購金額的30%作為訂金，每筆上億到數千萬元，意圖染指老百姓的血汗錢。媒體報導這是您講的話，是不是？",223,LCIDC01_11111101_00004
洪孟楷,您有講這個話，好，所以30%指證歷歷，那代表不是空穴來風……,224,LCIDC01_11111101_00004
洪孟楷,比喻？,225,LCIDC01_11111101_00004
洪孟楷,所以對方沒有要求？,226,LCIDC01_11111101_00004
洪孟楷,部長，所以你禮拜天的爆料是幻想？,227,LCIDC01_11111101_00004
洪孟楷,也不是幻想，那你剛剛講也沒有30%，本席剛才也問你，你又說這個是比喻。,228,LCIDC01_11111101_00004
洪孟楷,不是，本席現在要確認的是，你之前有講意圖染指，以30%作為訂金，原來這個不是掮客那邊說出來的，我們有沒有接獲到這個訊息？,229,LCIDC01_11111101_00004
洪孟楷,所以原來是耳聞？,230,LCIDC01_11111101_00004
洪孟楷,但是部長就把它描得煞有其事、繪聲繪影！,231,LCIDC01_11111101_00004
洪孟楷,我還是開宗明義再次強調，你有真憑實據就拿出來，就如同去年陳時中前部長在這邊講，有人想讓臺灣不開心，那就拿出真憑實據，讓全臺灣大家一起譴責，但是到最後沒有拿出任何真憑實據說到底是誰或某個人擋了疫苗而讓我們沒有辦法買到，現在你又講到有疫苗掮客，然後你又說你把他擋下來，好像看起來是用一個很超前部署的概念。請教部長，衛福部到底是什麼樣層級的人有跟對方溝通？因為一開始你有提到跟工商團體、宗教團體，順著工商團體、宗教團體來跟衛福部接觸。,232,LCIDC01_11111101_00004
洪孟楷,衛福部最高層級是你有接觸？還是連當時陳時中部長也有接觸到？,233,LCIDC01_11111101_00004
洪孟楷,部長，所以佛光山在這件事情裡面有沒有疫苗掮客？,234,LCIDC01_11111101_00004
洪孟楷,你現在又講你不知道有沒有？,235,LCIDC01_11111101_00004
洪孟楷,你一開始在禮拜天所講的不是這樣，然後你又講30%是你想像的，現在本席讓你完整的論述完，我發覺兩個點，第一，你直接指宗教團體是佛光山；第二，你剛剛講是佛光山他們的會友有疫苗的資訊，所以如果有疫苗掮客的話，你是在指控佛光山會友是疫苗掮客嗎？,236,LCIDC01_11111101_00004
洪孟楷,既然你說沒有辦法確認，但是你現在講有疫苗掮客？,237,LCIDC01_11111101_00004
洪孟楷,部長，會不會覺得現在就是說了一個謊之後要用一百個謊來圓？你越來越難圓謊，你越來越難自圓其說！,238,LCIDC01_11111101_00004
洪孟楷,是，所以本席現在要問嘛，疫苗掮客是誰？,239,LCIDC01_11111101_00004
洪孟楷,所以你現在又在講是佛光山會友？,240,LCIDC01_11111101_00004
洪孟楷,所以對於這些薛部長心目中認定的掮客，你們也沒有打算要提告，因為沒有發生，是不是？,241,LCIDC01_11111101_00004
洪孟楷,所以這一些在你眼中罪大惡極、想要賺疫苗財、想要染指人民納稅錢的人，你也根本不知道他是誰？,242,LCIDC01_11111101_00004
洪孟楷,部長，我說實在話，國人都看在眼裡，我們還是一樣強調，選舉是一時的，你既然現在擔任衛福部部長，國家要往前走，人民要過防疫後新生活，我語重心長的請您好好專心在本業上，如果有任何人想要利用現在政務官以為在選舉場合講的話可以不用負責任，那是大錯特錯，更重要的是不管是政務官或事務官，中華民國公務人員就是為中華民國服務，不要想著哪一個候選人，不要想著1126選舉，這不是中華民國公務人員應該要去想的。,243,LCIDC01_11111101_00004
洪孟楷,你當天還不算是為選舉講話？你站在臺上，……,244,LCIDC01_11111101_00004
洪孟楷,說實在話……,245,LCIDC01_11111101_00004
洪孟楷,人家都不好意思講，到底你這樣是公務員的典範、是神隊友還是豬隊友了，我都不想去提了。本席很語重心長的講，真的，不要為了一次選舉，讓我們的公務人員、政務人員、事務官賠上整個衛福部的清譽，謝謝。,246,LCIDC01_11111101_00004
